<?xml version="1.0" encoding="UTF-8" standalone="yes"?>
<Train_info>
	
	<Train_no> 
		<TE>Train Number</TE>
		<TH>&#2327;&#2366;&#2337;&#2364;&#2368; &#2344;&#2306;&#2348;&#2352;</TH>
		<TK>&#3248;&#3272;&#3250;&#3265; &#3256;&#3202;</TK>
		<TT>&#3120;&#3142;&#3158;&#3122;&#3137; &#3112;&#3142;&#3074;&#3116;&#3120;&#3137;</TT>
		<TM>गाडी क्रमांक</TM>
	</Train_no>
	<Train_name>
		<TNE>Train Name</TNE>
		<TNH>&#2327;&#2366;&#2337;&#2364;&#2368; &#2344;&#2366;&#2350;</TNH>
		<TNK>&#3257;&#3270;&#3256;&#3248;&#3265;</TNK>
		<TNT>&#3120;&#3142;&#3158;&#3122;&#3137; &#3114;&#3143;&#3120;&#3137;</TNT>
		<TNM>गाडी चे नाव</TNM>
	</Train_name>
	<From>
		<FE>From</FE>
		<FH>&#2325;&#2366;&#2361;&#2306; &#2360;&#2375;</FH>
		<FK>&#3214;&#3122;&#3149;&#3122;&#3135;&#3202;&#3238;</FK>
		<FT>&#3112;&#3137;&#3074;&#3105;&#3135;</FT>
		<FM>पासून</FM>
	</From>
	<To>
		<TOE>To</TOE>
		<TOH>&#2325;&#2366;&#2361;&#2306; &#2340;&#2325;&#2381;</TOH>
		<TOK>&#3214;&#3122;&#3149;&#3122;&#3135;&#3223;&#3270;</TOK>
		<TOT>&#3125;&#3120;&#3093;&#3137;</TOT>
		<TOM>पर्यंत</TOM>
	</To>
	<Class>
		<CE>Class</CE>
		<CH>&#2358;&#2381;&#2352;&#2375;&#2339;&#2367;</CH>
		<CK>&#3238;&#3248;&#3277;&#3228;&#3270;</CK>
		<CT>&#3108;&#3120;&#3095;&#3108;&#3135;</CT>
		<CM>श्रेनी</CM>
	</Class>
	<Date>
		<DE>Date</DE>
		<DH>&#2340;&#2352;&#2367;&#2325;&#2381;</DH>
		<DK>&#3238;&#3263;&#3240;&#3262;&#3202;&#3221;</DK>
		<DT>&#3108;&#3143;&#3110;&#3135;</DT>
		<DM>तारीख</DM>
	</Date>
	<Status>
		<SE>Status</SE>
		<SH>&#2360;&#2381;&#2341;&#2367;&#2340;&#2367;</SH>
		<SK>&#3256;&#3277;&#3237;&#3263;&#3236;&#3263;</SK>
		<ST>&#3128;&#3149;&#3109;&#3135;&#3108;&#3135;</ST>
		<SM>स्थिति</SM>
	</Status>
	<Type>
		<TYE>Type</TYE>
		<TYH>&#2346;&#2381;&#2352;&#2325;&#2366;&#2352;</TYH>
		<TYK>&#3248;&#3272;&#3250;&#3265;</TYK>
		<TYT>&#3103;&#3149;&#3120;&#3142;&#3158;&#3112;&#3149; &#3103;&#3142;&#3158;&#3114;&#3137;</TYT>
		<TYM>प्रकार</TYM>
	</Type>
	<Adult>
		<AE>Adult</AE>
		<AH>&#2357;&#2351;&#2360;&#2381;&#2325;</AH>
		<AK>&#3257;&#3263;&#3248;&#3263;&#3247;</AK>
		<AT>&#3114;&#3142;&#3110;&#3149;&#3110;&#3125;&#3134;&#3120;&#3137;</AT>
		<AM>वयस्क</AM>
	</Adult>
	<Child>
		<CHE>Child</CHE>
		<CHH>&#2358;&#2367;&#2358;&#2369;</CHH>
		<CHK>&#3254;&#3263;&#3254;&#3265;</CHK>
		<CHT>&#3114;&#3135;&#3122;&#3149;&#3122;&#3122;&#3137;</CHT>
		<CHM>बालक</CHM>
	</Child>
	<Fare>
		<FRE>Fare</FRE>
		<FRH>&#2325;&#2367;&#2352;&#2366;&#2351;&#2366;</FRH>
		<FRK>&#3238;&#3248; &#40;&#3248;&#3266;&#41;</FRK>
		<FRT>&#3111;&#3120;</FRT>
		<FRM>शुल्क</FRM>
	</Fare>
</Train_info>
